{
  "train_loss": [
    2.086226391545128,
    1.5243538435115371,
    1.3222641276591764,
    1.2101566196055797,
    1.1352525181448336,
    1.0790582785655818,
    1.0271230024795768,
    0.9921353239410563,
    0.9734191953317562,
    0.9608630231930515
  ],
  "val_acc": [
    0.5537965816755394,
    0.747408237601569,
    0.7425049033342673,
    0.8044270103670496,
    0.8182964415802746,
    0.8290837769683385,
    0.8541608293639675,
    0.8657887363407116,
    0.8719529279910339,
    0.8754553096105352
  ],
  "val_f1": [
    0.5293372805349295,
    0.7343360166994473,
    0.7294355819946348,
    0.8007132104776715,
    0.819010295060737,
    0.8320627800528848,
    0.8535934994045378,
    0.865176097068963,
    0.8713057523199441,
    0.874488057168471
  ],
  "lr": [
    0.0009755282581475768,
    0.0009045084971874736,
    0.0007938926261462366,
    0.0006545084971874737,
    0.0005,
    0.00034549150281252633,
    0.0002061073738537635,
    9.549150281252634e-05,
    2.4471741852423235e-05,
    0.0
  ]
}