{
  "train_loss": [
    0.5321164549349001,
    0.40702638821162307,
    0.39241701074259794,
    0.3846527594483243,
    0.37198412235994305,
    0.36749662274771894,
    0.36129355041811734,
    0.35872972124462604,
    0.35654752522364624,
    0.35596613040923003
  ],
  "val_acc": [
    0.9899131409358364,
    0.9875315214345756,
    0.991734379377977,
    0.9896329504062763,
    0.9942560941440179,
    0.9962174278509386,
    0.9969179041748389,
    0.997338189969179,
    0.9977584757635192,
    0.9978985710282993
  ],
  "val_f1": [
    0.9899749965253898,
    0.9876217768525988,
    0.9916843379294918,
    0.9893986683286721,
    0.9942296852458201,
    0.9961663751937251,
    0.9969132900114445,
    0.9973099794403715,
    0.9977496269208296,
    0.997884305724674
  ],
  "lr": [
    0.0009755282581475768,
    0.0009045084971874736,
    0.0007938926261462366,
    0.0006545084971874737,
    0.0005,
    0.00034549150281252633,
    0.0002061073738537635,
    9.549150281252634e-05,
    2.4471741852423235e-05,
    0.0
  ]
}