{
  "train_loss": [
    0.5527735755837041,
    0.4234631459564012,
    0.4066270391625094,
    0.39236485819817923,
    0.379731794738342,
    0.37280843386833123,
    0.3680428542086109,
    0.36299228010875034,
    0.35944439489055197,
    0.3583247801208069
  ],
  "val_acc": [
    0.9738021854861306,
    0.9847296161389745,
    0.9837489492855142,
    0.9946763799383581,
    0.9949565704679182,
    0.9934155225553376,
    0.9955169515270383,
    0.9974782852339591,
    0.997338189969179,
    0.997338189969179
  ],
  "val_f1": [
    0.9738246977902799,
    0.9848378850624557,
    0.9836360449661035,
    0.9947512414991532,
    0.9948676360645976,
    0.9934238525733012,
    0.9955172442221063,
    0.9974674582363847,
    0.9972853647318084,
    0.9973035064137294
  ],
  "lr": [
    0.0009755282581475768,
    0.0009045084971874736,
    0.0007938926261462366,
    0.0006545084971874737,
    0.0005,
    0.00034549150281252633,
    0.0002061073738537635,
    9.549150281252634e-05,
    2.4471741852423235e-05,
    0.0
  ]
}