{
  "train_loss": [
    0.6816693748932718,
    0.6558492858553193,
    0.6218059435568221,
    0.5986823306709039,
    0.5647240623750321,
    0.5328371793194546,
    0.5261241819037765,
    0.5085484144466171,
    0.48759803824086007,
    0.48001018808187684,
    0.4569323894104671,
    0.43941440579018304,
    0.4403415304715516,
    0.3995402054545658,
    0.4228004434721066
  ],
  "val_loss": [
    0.6820419043825384,
    0.6204049629077577,
    0.6297894528037623,
    0.6440815340008652,
    0.5139123305939791,
    0.6966548394738582,
    0.568584378351245,
    0.40217560634278415,
    0.3978627690097742,
    0.3599023923539279,
    0.3821022259561639,
    0.3338945487089324,
    0.3302223054986251,
    0.32476223560801726,
    0.324062913133387
  ],
  "train_acc": [
    0.5502732240437158,
    0.6196721311475409,
    0.666120218579235,
    0.6863387978142077,
    0.7120218579234973,
    0.7355191256830601,
    0.7469945355191256,
    0.7655737704918033,
    0.7672131147540984,
    0.7808743169398907,
    0.7923497267759563,
    0.7989071038251366,
    0.8027322404371585,
    0.8289617486338798,
    0.8262295081967214
  ],
  "val_acc": [
    0.5701754385964912,
    0.668859649122807,
    0.6469298245614035,
    0.6052631578947368,
    0.7412280701754386,
    0.6337719298245614,
    0.6732456140350878,
    0.8421052631578947,
    0.8092105263157895,
    0.8355263157894737,
    0.8245614035087719,
    0.8618421052631579,
    0.8596491228070176,
    0.8706140350877193,
    0.8596491228070176
  ],
  "best_val_acc": 0.8706140350877193
}