{
  "train_loss": [
    0.35587657657477373,
    0.286382047921582,
    0.21382533800406534,
    0.20483337119628822,
    0.17400438980978045,
    0.1551866404997195,
    0.1299026386333945,
    0.11389672138977572,
    0.10972070257520415,
    0.08717897687351606,
    0.07923026886040885,
    0.05898910168191937,
    0.0531314308526086,
    0.038888351188188855,
    0.037533747099462104,
    0.01880885740446914,
    0.022619200729932943,
    0.014482677308651696,
    0.011381415590196033,
    0.00459089227061454,
    0.0032923839782756535
  ],
  "val_loss": [
    1.1372568314535576,
    0.28289287707261873,
    0.13124742528848482,
    0.1344327257390608,
    0.1276396695981946,
    0.12864718311711362,
    0.25629537225815285,
    0.1220835128374267,
    0.11354390858558186,
    0.1315470954828095,
    0.10857099320804864,
    0.1486343702203349,
    0.17289889277073375,
    0.14379861611023284,
    0.1317638977054964,
    0.1404653764084766,
    0.12974865917573897,
    0.11557854084592116,
    0.12032474603569299,
    0.11996011383700789,
    0.12359185307695154
  ],
  "train_acc": [
    0.8491803278688524,
    0.8808743169398907,
    0.9109289617486339,
    0.9191256830601093,
    0.9344262295081968,
    0.9431693989071038,
    0.9519125683060109,
    0.9562841530054644,
    0.9590163934426229,
    0.9672131147540983,
    0.9672131147540983,
    0.9781420765027322,
    0.9819672131147541,
    0.985792349726776,
    0.9885245901639345,
    0.994535519125683,
    0.9890710382513661,
    0.9956284153005465,
    0.9956284153005465,
    0.9994535519125683,
    0.9994535519125683
  ],
  "val_acc": [
    0.7675438596491229,
    0.8574561403508771,
    0.9364035087719298,
    0.9407894736842105,
    0.9342105263157895,
    0.9429824561403509,
    0.875,
    0.9539473684210527,
    0.9583333333333334,
    0.9495614035087719,
    0.9517543859649122,
    0.9605263157894737,
    0.9495614035087719,
    0.9495614035087719,
    0.9627192982456141,
    0.9583333333333334,
    0.956140350877193,
    0.9583333333333334,
    0.956140350877193,
    0.9517543859649122,
    0.9539473684210527
  ],
  "best_val_acc": 0.9627192982456141
}