{
  "train_loss": [
    0.3414512644700014,
    0.16669708741167205,
    0.12085185980861955,
    0.08081507117696148,
    0.07358526922965962,
    0.04610930954811005
  ],
  "val_loss": [
    0.1899457746430447,
    0.10701011696405578,
    0.17551386826916746,
    0.10814995567003886,
    0.1383851115640841,
    0.12847739588796048
  ],
  "train_acc": [
    0.8726775956284153,
    0.9360655737704918,
    0.9469945355191257,
    0.9672131147540983,
    0.9754098360655737,
    0.9841530054644809
  ],
  "val_acc": [
    0.9254385964912281,
    0.9605263157894737,
    0.9210526315789473,
    0.9583333333333334,
    0.9451754385964912,
    0.9473684210526315
  ],
  "best_val_acc": 0.9605263157894737
}