{
  "_sampler_comparison": {
    "none": {
      "f1_mean": 0.9976567121281965,
      "f1_std": 0.00042520174939409235
    },
    "SMOTE": {
      "f1_mean": 0.9977631801979217,
      "f1_std": 0.0003607403960108204
    },
    "ADASYN": {
      "f1_mean": 0.998136782554923,
      "f1_std": 0.0005325385715998636
    }
  },
  "models": {
    "Logistic Regression": {
      "best_params": {
        "penalty": "l2",
        "C": 10.0
      },
      "cv_f1_mean": 0.9712885005334616,
      "cv_f1_std": 0.0029466180994966945,
      "test": {
        "accuracy": 0.973407422107561,
        "precision": 0.977165015079707,
        "recall": 0.9655172413793104,
        "f1": 0.9713062098501071,
        "roc_auc": 0.994429647354486
      },
      "model_file": "logistic_regression_ids.pkl"
    },
    "Random Forest": {
      "best_params": {
        "n_estimators": 200,
        "min_samples_split": 5,
        "max_features": "sqrt",
        "max_depth": null
      },
      "cv_f1_mean": 0.9974416184028762,
      "cv_f1_std": 0.0004925784763304949,
      "test": {
        "accuracy": 0.9962294105973407,
        "precision": 0.998289136013687,
        "recall": 0.9936143039591315,
        "f1": 0.9959462342649883,
        "roc_auc": 0.999934006561362
      },
      "model_file": "random_forest_ids.pkl"
    },
    "XGBoost": {
      "best_params": {
        "subsample": 1.0,
        "n_estimators": 300,
        "max_depth": 6,
        "learning_rate": 0.1,
        "colsample_bytree": 1.0
      },
      "cv_f1_mean": 0.9977631801979217,
      "cv_f1_std": 0.0003607403960108204,
      "test": {
        "accuracy": 0.9976185751141099,
        "precision": 0.998719590268886,
        "recall": 0.9961685823754789,
        "f1": 0.9974424552429667,
        "roc_auc": 0.999954896570715
      },
      "model_file": "xgb_ids_model.pkl"
    },
    "Neural Network (MLP)": {
      "best_params": {
        "learning_rate_init": 0.001,
        "batch_size": 128,
        "alpha": 0.0001
      },
      "cv_f1_mean": 0.9930712526334045,
      "cv_f1_std": 0.0013888932822424442,
      "test": {
        "accuracy": 0.993054177416154,
        "precision": 0.9965665236051502,
        "recall": 0.9885057471264368,
        "f1": 0.992519769181449,
        "roc_auc": 0.9987564114129085
      },
      "model_file": "mlp_ids.pkl"
    }
  },
  "best_model": "XGBoost"
}