{
  "model": "distilbert",
  "hf_name": "distilbert-base-uncased",
  "epochs": 3,
  "lr": 2e-05,
  "test_accuracy": 0.9568167797655768,
  "test_f1_macro": 0.8692859438292512,
  "test_precision_macro": 0.8698032915351674,
  "test_recall_macro": 0.8688293068211903,
  "binary_accuracy": 0.9913633559531153,
  "binary_f1": 0.9902370990237099,
  "report": {
    "Normal": {
      "precision": 0.9922566371681416,
      "recall": 0.9922566371681416,
      "f1-score": 0.9922566371681416,
      "support": 904.0
    },
    "Promotion": {
      "precision": 0.7380952380952381,
      "recall": 0.7209302325581395,
      "f1-score": 0.7294117647058823,
      "support": 43.0
    },
    "Spam": {
      "precision": 0.7377049180327869,
      "recall": 0.75,
      "f1-score": 0.743801652892562,
      "support": 60.0
    },
    "Phishing": {
      "precision": 0.9421841541755889,
      "recall": 0.9421841541755889,
      "f1-score": 0.9421841541755889,
      "support": 467.0
    },
    "Fraud": {
      "precision": 0.9387755102040817,
      "recall": 0.9387755102040817,
      "f1-score": 0.9387755102040817,
      "support": 147.0
    },
    "accuracy": 0.9568167797655768,
    "macro avg": {
      "precision": 0.8698032915351674,
      "recall": 0.8688293068211903,
      "f1-score": 0.8692859438292512,
      "support": 1621.0
    },
    "weighted avg": {
      "precision": 0.9568170205552512,
      "recall": 0.9568167797655768,
      "f1-score": 0.9568123411819287,
      "support": 1621.0
    }
  }
}