{
  "24h": {
    "MAE": 1.7743,
    "RMSE": 2.3174,
    "MAPE": 31.082,
    "R2": 0.9112,
    "per_step_rmse_first": 0.8507000207901001,
    "per_step_rmse_last": 2.8596999645233154
  },
  "48h": {
    "MAE": 2.2636,
    "RMSE": 2.949,
    "MAPE": 37.352,
    "R2": 0.8559,
    "per_step_rmse_first": 1.013700008392334,
    "per_step_rmse_last": 3.7042999267578125
  },
  "168h": {
    "MAE": 3.0843,
    "RMSE": 3.954,
    "MAPE": 49.719,
    "R2": 0.7403,
    "per_step_rmse_first": 1.569700002670288,
    "per_step_rmse_last": 4.409299850463867
  }
}