{
  "humidity": 0.054372165352106094,
  "pressure": 0.01505198609083891,
  "wind_speed": 0.02537919580936432,
  "humidity_lag_1": 0.03497288376092911,
  "pressure_lag_1": 0.055670950561761856,
  "temp_lag_1": 0.14647331833839417,
  "temp_roll_mean_24": 0.049331337213516235
}