{
  "LSTM": {
    "loss": [
      0.057570040225982666,
      0.01865243725478649,
      0.014617429114878178,
      0.012649450451135635,
      0.011578870937228203,
      0.01080357562750578,
      0.010533600114285946,
      0.010159769095480442,
      0.009443079121410847,
      0.009369680657982826
    ],
    "val_loss": [
      0.01439350750297308,
      0.009642856195569038,
      0.008985568769276142,
      0.009864150546491146,
      0.008549725636839867,
      0.009807580150663853,
      0.011347852647304535,
      0.011804909445345402,
      0.011176000349223614,
      0.011273552663624287
    ]
  },
  "GRU": {
    "loss": [
      0.0615500770509243,
      0.01835365779697895,
      0.014208904467523098,
      0.012515232898294926,
      0.011887431144714355,
      0.011133658699691296,
      0.010497692972421646,
      0.010279945097863674
    ],
    "val_loss": [
      0.014029571786522865,
      0.012001553550362587,
      0.00939040444791317,
      0.010136453434824944,
      0.011372653767466545,
      0.009950491599738598,
      0.009541147388517857,
      0.010079915635287762
    ]
  },
  "BiLSTM": {
    "loss": [
      0.0487654022872448,
      0.017284704372286797,
      0.013361678458750248,
      0.011821998283267021,
      0.010964355431497097,
      0.010609311051666737,
      0.010382676497101784,
      0.010005415417253971,
      0.009785453788936138,
      0.009230258874595165,
      0.009117747657001019,
      0.00899938028305769,
      0.009028567932546139,
      0.00886906124651432,
      0.008855299092829227,
      0.00873691774904728,
      0.008459021337330341,
      0.008272011764347553,
      0.00834675133228302,
      0.008241357281804085
    ],
    "val_loss": [
      0.013252458535134792,
      0.009325914084911346,
      0.008257364854216576,
      0.008116739802062511,
      0.0076616439037024975,
      0.007479551713913679,
      0.007486212532967329,
      0.007475411519408226,
      0.007469423580914736,
      0.007369497790932655,
      0.007251082919538021,
      0.007080294191837311,
      0.006895188707858324,
      0.006943649612367153,
      0.006893758196383715,
      0.006987688597291708,
      0.008202492259442806,
      0.008114027790725231,
      0.007478222716599703,
      0.00812368094921112
    ]
  }
}